{
  "Total" : {
    "transaction" : "Total",
    "sampleCount" : 611,
    "errorCount" : 0,
    "errorPct" : 0.0,
    "meanResTime" : 490.633387888707,
    "medianResTime" : 386.0,
    "minResTime" : 331.0,
    "maxResTime" : 2567.0,
    "pct1ResTime" : 833.8000000000001,
    "pct2ResTime" : 870.4,
    "pct3ResTime" : 1872.6799999999998,
    "throughput" : 10.070211293140389,
    "receivedKBytesPerSec" : 7.42190075238158,
    "sentKBytesPerSec" : 5.477644228788279
  },
  "Soap Request" : {
    "transaction" : "Soap Request",
    "sampleCount" : 611,
    "errorCount" : 0,
    "errorPct" : 0.0,
    "meanResTime" : 490.633387888707,
    "medianResTime" : 386.0,
    "minResTime" : 331.0,
    "maxResTime" : 2567.0,
    "pct1ResTime" : 833.8000000000001,
    "pct2ResTime" : 870.4,
    "pct3ResTime" : 1872.6799999999998,
    "throughput" : 10.070211293140389,
    "receivedKBytesPerSec" : 7.42190075238158,
    "sentKBytesPerSec" : 5.477644228788279
  }
}